,Unnamed: 0,Simulation number,Percent of coerced cars,Percent of lying cars,Percent of honest cars,Density,Accuracy,True Positives,True Negatives,False Positives,False Negatives,Percent True Positives,Percent True Negatives,Percent False Positives,Percent False Negatives
0,0,0,33.33333333333333,16.666666666666664,50.0,0.1066666666666666,57.49999999999999,246,99,1,254,41.0,16.5,0.1666666666666666,42.333333333333336
1,1,1,33.33333333333333,16.666666666666664,50.0,0.1066666666666666,59.5,257,100,0,243,42.833333333333336,16.666666666666664,0.0,40.5
2,2,2,33.33333333333333,16.666666666666664,50.0,0.1066666666666666,54.833333333333336,230,99,1,270,38.333333333333336,16.5,0.1666666666666666,45.0
3,3,3,33.33333333333333,16.666666666666664,50.0,0.1066666666666666,56.00000000000001,236,100,0,264,39.33333333333333,16.666666666666664,0.0,44.0
4,4,4,33.33333333333333,16.666666666666664,50.0,0.1066666666666666,54.66666666666666,229,99,1,271,38.16666666666666,16.5,0.1666666666666666,45.16666666666666
5,5,5,33.33333333333333,16.666666666666664,50.0,0.1066666666666666,55.50000000000001,233,100,0,267,38.83333333333333,16.666666666666664,0.0,44.5
6,6,6,33.33333333333333,16.666666666666664,50.0,0.1066666666666666,63.66666666666667,282,100,0,218,47.0,16.666666666666664,0.0,36.333333333333336
7,7,7,33.33333333333333,16.666666666666664,50.0,0.1066666666666666,57.833333333333336,248,99,1,252,41.333333333333336,16.5,0.1666666666666666,42.0
8,8,8,33.33333333333333,16.666666666666664,50.0,0.1066666666666666,55.66666666666666,236,98,2,264,39.33333333333333,16.333333333333332,0.3333333333333333,44.0
9,9,9,33.33333333333333,16.666666666666664,50.0,0.1066666666666666,56.333333333333336,241,97,3,259,40.16666666666666,16.166666666666664,0.5,43.16666666666666
10,10,10,33.33333333333333,16.666666666666664,50.0,0.1066666666666666,58.66666666666666,255,97,3,245,42.5,16.166666666666664,0.5,40.833333333333336
11,11,11,33.33333333333333,16.666666666666664,50.0,0.1066666666666666,58.66666666666666,254,98,2,246,42.333333333333336,16.333333333333332,0.3333333333333333,41.0
12,12,12,33.33333333333333,16.666666666666664,50.0,0.1066666666666666,55.833333333333336,235,100,0,265,39.16666666666666,16.666666666666664,0.0,44.16666666666666
13,13,13,33.33333333333333,16.666666666666664,50.0,0.1066666666666666,56.833333333333336,241,100,0,259,40.16666666666666,16.666666666666664,0.0,43.16666666666666
14,14,14,33.33333333333333,16.666666666666664,50.0,0.1066666666666666,59.833333333333336,260,99,1,240,43.333333333333336,16.5,0.1666666666666666,40.0
15,15,15,33.33333333333333,16.666666666666664,50.0,0.1066666666666666,56.66666666666666,241,99,1,259,40.16666666666666,16.5,0.1666666666666666,43.16666666666666
16,16,16,33.33333333333333,16.666666666666664,50.0,0.1066666666666666,57.66666666666666,247,99,1,253,41.16666666666667,16.5,0.1666666666666666,42.16666666666667
17,17,17,33.33333333333333,16.666666666666664,50.0,0.1066666666666666,58.66666666666666,252,100,0,248,42.0,16.666666666666664,0.0,41.333333333333336
18,18,18,33.33333333333333,16.666666666666664,50.0,0.1066666666666666,54.16666666666666,225,100,0,275,37.5,16.666666666666664,0.0,45.83333333333333
19,19,19,33.33333333333333,16.666666666666664,50.0,0.1066666666666666,53.333333333333336,221,99,1,279,36.833333333333336,16.5,0.1666666666666666,46.5
20,20,20,33.33333333333333,16.666666666666664,50.0,0.1066666666666666,59.0,255,99,1,245,42.5,16.5,0.1666666666666666,40.833333333333336
21,21,21,33.33333333333333,16.666666666666664,50.0,0.1066666666666666,57.49999999999999,247,98,2,253,41.16666666666667,16.333333333333332,0.3333333333333333,42.16666666666667
22,22,22,33.33333333333333,16.666666666666664,50.0,0.1066666666666666,55.16666666666666,232,99,1,268,38.66666666666666,16.5,0.1666666666666666,44.66666666666666
23,23,23,33.33333333333333,16.666666666666664,50.0,0.1066666666666666,56.833333333333336,243,98,2,257,40.5,16.333333333333332,0.3333333333333333,42.833333333333336
24,24,24,33.33333333333333,16.666666666666664,50.0,0.1066666666666666,59.0,255,99,1,245,42.5,16.5,0.1666666666666666,40.833333333333336
25,25,25,33.33333333333333,16.666666666666664,50.0,0.1066666666666666,55.66666666666666,236,98,2,264,39.33333333333333,16.333333333333332,0.3333333333333333,44.0
26,26,26,33.33333333333333,16.666666666666664,50.0,0.1066666666666666,60.0,260,100,0,240,43.333333333333336,16.666666666666664,0.0,40.0
27,27,27,33.33333333333333,16.666666666666664,50.0,0.1066666666666666,59.66666666666667,258,100,0,242,43.0,16.666666666666664,0.0,40.33333333333333
28,28,28,33.33333333333333,16.666666666666664,50.0,0.1066666666666666,58.16666666666666,249,100,0,251,41.5,16.666666666666664,0.0,41.833333333333336
29,29,29,33.33333333333333,16.666666666666664,50.0,0.1066666666666666,54.333333333333336,227,99,1,273,37.833333333333336,16.5,0.1666666666666666,45.5
30,30,30,33.33333333333333,16.666666666666664,50.0,0.1066666666666666,59.16666666666666,256,99,1,244,42.66666666666667,16.5,0.1666666666666666,40.66666666666666
31,31,31,33.33333333333333,16.666666666666664,50.0,0.1066666666666666,58.66666666666666,253,99,1,247,42.16666666666667,16.5,0.1666666666666666,41.16666666666667
32,32,32,33.33333333333333,16.666666666666664,50.0,0.1066666666666666,57.99999999999999,250,98,2,250,41.66666666666667,16.333333333333332,0.3333333333333333,41.66666666666667
33,33,33,33.33333333333333,16.666666666666664,50.0,0.1066666666666666,58.66666666666666,252,100,0,248,42.0,16.666666666666664,0.0,41.333333333333336
34,34,34,33.33333333333333,16.666666666666664,50.0,0.1066666666666666,54.16666666666666,225,100,0,275,37.5,16.666666666666664,0.0,45.83333333333333
35,35,35,33.33333333333333,16.666666666666664,50.0,0.1066666666666666,58.833333333333336,254,99,1,246,42.333333333333336,16.5,0.1666666666666666,41.0
36,36,36,33.33333333333333,16.666666666666664,50.0,0.1066666666666666,53.16666666666666,219,100,0,281,36.5,16.666666666666664,0.0,46.833333333333336
37,37,37,33.33333333333333,16.666666666666664,50.0,0.1066666666666666,61.16666666666667,267,100,0,233,44.5,16.666666666666664,0.0,38.83333333333333
38,38,38,33.33333333333333,16.666666666666664,50.0,0.1066666666666666,57.66666666666666,247,99,1,253,41.16666666666667,16.5,0.1666666666666666,42.16666666666667
39,39,39,33.33333333333333,16.666666666666664,50.0,0.1066666666666666,60.333333333333336,263,99,1,237,43.833333333333336,16.5,0.1666666666666666,39.5
40,40,40,33.33333333333333,16.666666666666664,50.0,0.1066666666666666,53.833333333333336,223,100,0,277,37.16666666666666,16.666666666666664,0.0,46.16666666666666
41,41,41,33.33333333333333,16.666666666666664,50.0,0.1066666666666666,55.16666666666666,231,100,0,269,38.5,16.666666666666664,0.0,44.83333333333333
42,42,42,33.33333333333333,16.666666666666664,50.0,0.1066666666666666,62.5,278,97,3,222,46.33333333333333,16.166666666666664,0.5,37.0
43,43,43,33.33333333333333,16.666666666666664,50.0,0.1066666666666666,55.16666666666666,231,100,0,269,38.5,16.666666666666664,0.0,44.83333333333333
44,44,44,33.33333333333333,16.666666666666664,50.0,0.1066666666666666,60.5,266,97,3,234,44.333333333333336,16.166666666666664,0.5,39.0
45,45,45,33.33333333333333,16.666666666666664,50.0,0.1066666666666666,49.66666666666666,198,100,0,302,33.0,16.666666666666664,0.0,50.33333333333333
46,46,46,33.33333333333333,16.666666666666664,50.0,0.1066666666666666,56.99999999999999,242,100,0,258,40.33333333333333,16.666666666666664,0.0,43.0
47,47,47,33.33333333333333,16.666666666666664,50.0,0.1066666666666666,61.16666666666667,267,100,0,233,44.5,16.666666666666664,0.0,38.83333333333333
48,48,48,33.33333333333333,16.666666666666664,50.0,0.1066666666666666,56.99999999999999,242,100,0,258,40.33333333333333,16.666666666666664,0.0,43.0
49,49,49,33.33333333333333,16.666666666666664,50.0,0.1066666666666666,53.0,219,99,1,281,36.5,16.5,0.1666666666666666,46.833333333333336
50,50,50,33.33333333333333,16.666666666666664,50.0,0.1066666666666666,58.66666666666666,254,98,2,246,42.333333333333336,16.333333333333332,0.3333333333333333,41.0
51,51,51,33.33333333333333,16.666666666666664,50.0,0.1066666666666666,57.66666666666666,247,99,1,253,41.16666666666667,16.5,0.1666666666666666,42.16666666666667
52,52,52,33.33333333333333,16.666666666666664,50.0,0.1066666666666666,56.49999999999999,239,100,0,261,39.83333333333333,16.666666666666664,0.0,43.5
53,53,53,33.33333333333333,16.666666666666664,50.0,0.1066666666666666,60.16666666666667,261,100,0,239,43.5,16.666666666666664,0.0,39.83333333333333
54,54,54,33.33333333333333,16.666666666666664,50.0,0.1066666666666666,59.5,258,99,1,242,43.0,16.5,0.1666666666666666,40.33333333333333
55,55,55,33.33333333333333,16.666666666666664,50.0,0.1066666666666666,60.66666666666667,264,100,0,236,44.0,16.666666666666664,0.0,39.33333333333333
56,56,56,33.33333333333333,16.666666666666664,50.0,0.1066666666666666,56.333333333333336,239,99,1,261,39.83333333333333,16.5,0.1666666666666666,43.5
57,57,57,33.33333333333333,16.666666666666664,50.0,0.1066666666666666,58.16666666666666,249,100,0,251,41.5,16.666666666666664,0.0,41.833333333333336
58,58,58,33.33333333333333,16.666666666666664,50.0,0.1066666666666666,60.66666666666667,264,100,0,236,44.0,16.666666666666664,0.0,39.33333333333333
59,59,59,33.33333333333333,16.666666666666664,50.0,0.1066666666666666,60.5,264,99,1,236,44.0,16.5,0.1666666666666666,39.33333333333333
60,60,60,33.33333333333333,16.666666666666664,50.0,0.1066666666666666,58.66666666666666,253,99,1,247,42.16666666666667,16.5,0.1666666666666666,41.16666666666667
61,61,61,33.33333333333333,16.666666666666664,50.0,0.1066666666666666,57.333333333333336,244,100,0,256,40.66666666666666,16.666666666666664,0.0,42.66666666666667
62,62,62,33.33333333333333,16.666666666666664,50.0,0.1066666666666666,55.333333333333336,232,100,0,268,38.66666666666666,16.666666666666664,0.0,44.66666666666666
63,63,63,33.33333333333333,16.666666666666664,50.0,0.1066666666666666,60.66666666666667,265,99,1,235,44.16666666666666,16.5,0.1666666666666666,39.16666666666666
64,64,64,33.33333333333333,16.666666666666664,50.0,0.1066666666666666,55.833333333333336,235,100,0,265,39.16666666666666,16.666666666666664,0.0,44.16666666666666
65,65,65,33.33333333333333,16.666666666666664,50.0,0.1066666666666666,62.0,274,98,2,226,45.66666666666666,16.333333333333332,0.3333333333333333,37.66666666666666
66,66,66,33.33333333333333,16.666666666666664,50.0,0.1066666666666666,58.66666666666666,255,97,3,245,42.5,16.166666666666664,0.5,40.833333333333336
67,67,67,33.33333333333333,16.666666666666664,50.0,0.1066666666666666,56.833333333333336,241,100,0,259,40.16666666666666,16.666666666666664,0.0,43.16666666666666
68,68,68,33.33333333333333,16.666666666666664,50.0,0.1066666666666666,56.833333333333336,241,100,0,259,40.16666666666666,16.666666666666664,0.0,43.16666666666666
69,69,69,33.33333333333333,16.666666666666664,50.0,0.1066666666666666,54.66666666666666,228,100,0,272,38.0,16.666666666666664,0.0,45.33333333333333
70,70,70,33.33333333333333,16.666666666666664,50.0,0.1066666666666666,55.333333333333336,232,100,0,268,38.66666666666666,16.666666666666664,0.0,44.66666666666666
71,71,71,33.33333333333333,16.666666666666664,50.0,0.1066666666666666,53.66666666666666,222,100,0,278,37.0,16.666666666666664,0.0,46.33333333333333
72,72,72,33.33333333333333,16.666666666666664,50.0,0.1066666666666666,54.333333333333336,226,100,0,274,37.66666666666666,16.666666666666664,0.0,45.66666666666666
73,73,73,33.33333333333333,16.666666666666664,50.0,0.1066666666666666,55.333333333333336,232,100,0,268,38.66666666666666,16.666666666666664,0.0,44.66666666666666
74,74,74,33.33333333333333,16.666666666666664,50.0,0.1066666666666666,59.0,254,100,0,246,42.333333333333336,16.666666666666664,0.0,41.0
75,75,75,33.33333333333333,16.666666666666664,50.0,0.1066666666666666,58.16666666666666,250,99,1,250,41.66666666666667,16.5,0.1666666666666666,41.66666666666667
76,76,76,33.33333333333333,16.666666666666664,50.0,0.1066666666666666,59.16666666666666,255,100,0,245,42.5,16.666666666666664,0.0,40.833333333333336
77,77,77,33.33333333333333,16.666666666666664,50.0,0.1066666666666666,57.16666666666666,243,100,0,257,40.5,16.666666666666664,0.0,42.833333333333336
78,78,78,33.33333333333333,16.666666666666664,50.0,0.1066666666666666,58.16666666666666,249,100,0,251,41.5,16.666666666666664,0.0,41.833333333333336
79,79,79,33.33333333333333,16.666666666666664,50.0,0.1066666666666666,59.66666666666667,258,100,0,242,43.0,16.666666666666664,0.0,40.33333333333333
80,80,80,33.33333333333333,16.666666666666664,50.0,0.1066666666666666,57.16666666666666,243,100,0,257,40.5,16.666666666666664,0.0,42.833333333333336
81,81,81,33.33333333333333,16.666666666666664,50.0,0.1066666666666666,55.833333333333336,236,99,1,264,39.33333333333333,16.5,0.1666666666666666,44.0
82,82,82,33.33333333333333,16.666666666666664,50.0,0.1066666666666666,56.49999999999999,242,97,3,258,40.33333333333333,16.166666666666664,0.5,43.0
83,83,83,33.33333333333333,16.666666666666664,50.0,0.1066666666666666,58.66666666666666,253,99,1,247,42.16666666666667,16.5,0.1666666666666666,41.16666666666667
84,84,84,33.33333333333333,16.666666666666664,50.0,0.1066666666666666,59.16666666666666,256,99,1,244,42.66666666666667,16.5,0.1666666666666666,40.66666666666666
85,85,85,33.33333333333333,16.666666666666664,50.0,0.1066666666666666,54.333333333333336,227,99,1,273,37.833333333333336,16.5,0.1666666666666666,45.5
86,86,86,33.33333333333333,16.666666666666664,50.0,0.1066666666666666,60.83333333333333,266,99,1,234,44.333333333333336,16.5,0.1666666666666666,39.0
87,87,87,33.33333333333333,16.666666666666664,50.0,0.1066666666666666,58.66666666666666,252,100,0,248,42.0,16.666666666666664,0.0,41.333333333333336
88,88,88,33.33333333333333,16.666666666666664,50.0,0.1066666666666666,57.16666666666666,243,100,0,257,40.5,16.666666666666664,0.0,42.833333333333336
89,89,89,33.33333333333333,16.666666666666664,50.0,0.1066666666666666,56.99999999999999,242,100,0,258,40.33333333333333,16.666666666666664,0.0,43.0
90,90,90,33.33333333333333,16.666666666666664,50.0,0.1066666666666666,57.833333333333336,248,99,1,252,41.333333333333336,16.5,0.1666666666666666,42.0
91,91,91,33.33333333333333,16.666666666666664,50.0,0.1066666666666666,56.66666666666666,242,98,2,258,40.33333333333333,16.333333333333332,0.3333333333333333,43.0
92,92,92,33.33333333333333,16.666666666666664,50.0,0.1066666666666666,59.0,256,98,2,244,42.66666666666667,16.333333333333332,0.3333333333333333,40.66666666666666
93,93,93,33.33333333333333,16.666666666666664,50.0,0.1066666666666666,57.833333333333336,247,100,0,253,41.16666666666667,16.666666666666664,0.0,42.16666666666667
94,94,94,33.33333333333333,16.666666666666664,50.0,0.1066666666666666,56.99999999999999,243,99,1,257,40.5,16.5,0.1666666666666666,42.833333333333336
95,95,95,33.33333333333333,16.666666666666664,50.0,0.1066666666666666,56.66666666666666,240,100,0,260,40.0,16.666666666666664,0.0,43.333333333333336
96,96,96,33.33333333333333,16.666666666666664,50.0,0.1066666666666666,57.333333333333336,245,99,1,255,40.833333333333336,16.5,0.1666666666666666,42.5
97,97,97,33.33333333333333,16.666666666666664,50.0,0.1066666666666666,59.66666666666667,259,99,1,241,43.16666666666666,16.5,0.1666666666666666,40.16666666666666
98,98,98,33.33333333333333,16.666666666666664,50.0,0.1066666666666666,57.16666666666666,246,97,3,254,41.0,16.166666666666664,0.5,42.333333333333336
99,99,99,33.33333333333333,16.666666666666664,50.0,0.1066666666666666,58.16666666666666,250,99,1,250,41.66666666666667,16.5,0.1666666666666666,41.66666666666667
0,0,0,20.0,10.0,70.0,0.064,69.89999999999999,600,99,1,300,60.0,9.9,0.1,30.0
1,1,1,20.0,10.0,70.0,0.064,70.0,601,99,1,299,60.1,9.9,0.1,29.9
2,2,2,20.0,10.0,70.0,0.064,69.39999999999999,596,98,2,304,59.6,9.8,0.2,30.4
3,3,3,20.0,10.0,70.0,0.064,68.5,586,99,1,314,58.6,9.9,0.1,31.4
4,4,4,20.0,10.0,70.0,0.064,70.3,603,100,0,297,60.3,10.0,0.0,29.7
5,5,5,20.0,10.0,70.0,0.064,70.6,607,99,1,293,60.7,9.9,0.1,29.3
6,6,6,20.0,10.0,70.0,0.064,70.5,606,99,1,294,60.6,9.9,0.1,29.4
7,7,7,20.0,10.0,70.0,0.064,67.30000000000001,573,100,0,327,57.3,10.0,0.0,32.7
8,8,8,20.0,10.0,70.0,0.064,68.5,586,99,1,314,58.6,9.9,0.1,31.4
9,9,9,20.0,10.0,70.0,0.064,70.5,608,97,3,292,60.8,9.7,0.3,29.2
10,10,10,20.0,10.0,70.0,0.064,68.0,580,100,0,320,57.99999999999999,10.0,0.0,32.0
11,11,11,20.0,10.0,70.0,0.064,69.8,599,99,1,301,59.9,9.9,0.1,30.1
12,12,12,20.0,10.0,70.0,0.064,68.8,589,99,1,311,58.9,9.9,0.1,31.1
13,13,13,20.0,10.0,70.0,0.064,68.30000000000001,584,99,1,316,58.4,9.9,0.1,31.6
14,14,14,20.0,10.0,70.0,0.064,69.1,592,99,1,308,59.2,9.9,0.1,30.8
15,15,15,20.0,10.0,70.0,0.064,70.39999999999999,605,99,1,295,60.5,9.9,0.1,29.5
16,16,16,20.0,10.0,70.0,0.064,70.5,608,97,3,292,60.8,9.7,0.3,29.2
17,17,17,20.0,10.0,70.0,0.064,70.7,607,100,0,293,60.7,10.0,0.0,29.3
18,18,18,20.0,10.0,70.0,0.064,67.10000000000001,572,99,1,328,57.2,9.9,0.1,32.800000000000004
19,19,19,20.0,10.0,70.0,0.064,72.5,625,100,0,275,62.5,10.0,0.0,27.500000000000004
20,20,20,20.0,10.0,70.0,0.064,68.89999999999999,590,99,1,310,59.0,9.9,0.1,31.0
21,21,21,20.0,10.0,70.0,0.064,68.10000000000001,582,99,1,318,58.2,9.9,0.1,31.8
22,22,22,20.0,10.0,70.0,0.064,70.1,605,96,4,295,60.5,9.6,0.4,29.5
23,23,23,20.0,10.0,70.0,0.064,69.19999999999999,592,100,0,308,59.2,10.0,0.0,30.8
24,24,24,20.0,10.0,70.0,0.064,70.6,606,100,0,294,60.6,10.0,0.0,29.4
25,25,25,20.0,10.0,70.0,0.064,71.0,610,100,0,290,61.0,10.0,0.0,29.0
26,26,26,20.0,10.0,70.0,0.064,71.6,616,100,0,284,61.6,10.0,0.0,28.4
27,27,27,20.0,10.0,70.0,0.064,70.1,603,98,2,297,60.3,9.8,0.2,29.7
28,28,28,20.0,10.0,70.0,0.064,69.8,599,99,1,301,59.9,9.9,0.1,30.1
29,29,29,20.0,10.0,70.0,0.064,70.19999999999999,605,97,3,295,60.5,9.7,0.3,29.5
30,30,30,20.0,10.0,70.0,0.064,66.5,567,98,2,333,56.7,9.8,0.2,33.300000000000004
31,31,31,20.0,10.0,70.0,0.064,68.8,589,99,1,311,58.9,9.9,0.1,31.1
32,32,32,20.0,10.0,70.0,0.064,69.39999999999999,595,99,1,305,59.5,9.9,0.1,30.5
33,33,33,20.0,10.0,70.0,0.064,70.19999999999999,604,98,2,296,60.4,9.8,0.2,29.6
34,34,34,20.0,10.0,70.0,0.064,68.2,584,98,2,316,58.4,9.8,0.2,31.6
35,35,35,20.0,10.0,70.0,0.064,70.3,603,100,0,297,60.3,10.0,0.0,29.7
36,36,36,20.0,10.0,70.0,0.064,69.69999999999999,598,99,1,302,59.8,9.9,0.1,30.2
37,37,37,20.0,10.0,70.0,0.064,68.60000000000001,586,100,0,314,58.6,10.0,0.0,31.4
38,38,38,20.0,10.0,70.0,0.064,72.1,621,100,0,279,62.1,10.0,0.0,27.9
39,39,39,20.0,10.0,70.0,0.064,68.2,585,97,3,315,58.5,9.7,0.3,31.5
40,40,40,20.0,10.0,70.0,0.064,70.6,607,99,1,293,60.7,9.9,0.1,29.3
41,41,41,20.0,10.0,70.0,0.064,68.60000000000001,586,100,0,314,58.6,10.0,0.0,31.4
42,42,42,20.0,10.0,70.0,0.064,70.3,604,99,1,296,60.4,9.9,0.1,29.6
43,43,43,20.0,10.0,70.0,0.064,68.7,587,100,0,313,58.7,10.0,0.0,31.3
44,44,44,20.0,10.0,70.0,0.064,70.89999999999999,611,98,2,289,61.1,9.8,0.2,28.9
45,45,45,20.0,10.0,70.0,0.064,70.6,607,99,1,293,60.7,9.9,0.1,29.3
46,46,46,20.0,10.0,70.0,0.064,69.6,596,100,0,304,59.6,10.0,0.0,30.4
47,47,47,20.0,10.0,70.0,0.064,70.1,602,99,1,298,60.2,9.9,0.1,29.8
48,48,48,20.0,10.0,70.0,0.064,69.39999999999999,594,100,0,306,59.4,10.0,0.0,30.6
49,49,49,20.0,10.0,70.0,0.064,67.7,578,99,1,322,57.8,9.9,0.1,32.2
50,50,50,20.0,10.0,70.0,0.064,71.89999999999999,621,98,2,279,62.1,9.8,0.2,27.9
51,51,51,20.0,10.0,70.0,0.064,70.5,606,99,1,294,60.6,9.9,0.1,29.4
52,52,52,20.0,10.0,70.0,0.064,69.3,594,99,1,306,59.4,9.9,0.1,30.6
53,53,53,20.0,10.0,70.0,0.064,69.0,592,98,2,308,59.2,9.8,0.2,30.8
54,54,54,20.0,10.0,70.0,0.064,71.1,611,100,0,289,61.1,10.0,0.0,28.9
55,55,55,20.0,10.0,70.0,0.064,68.4,585,99,1,315,58.5,9.9,0.1,31.5
56,56,56,20.0,10.0,70.0,0.064,67.7,577,100,0,323,57.7,10.0,0.0,32.300000000000004
57,57,57,20.0,10.0,70.0,0.064,68.89999999999999,589,100,0,311,58.9,10.0,0.0,31.1
58,58,58,20.0,10.0,70.0,0.064,68.60000000000001,587,99,1,313,58.7,9.9,0.1,31.3
59,59,59,20.0,10.0,70.0,0.064,68.60000000000001,587,99,1,313,58.7,9.9,0.1,31.3
60,60,60,20.0,10.0,70.0,0.064,69.89999999999999,599,100,0,301,59.9,10.0,0.0,30.1
61,61,61,20.0,10.0,70.0,0.064,69.6,599,97,3,301,59.9,9.7,0.3,30.1
62,62,62,20.0,10.0,70.0,0.064,71.1,611,100,0,289,61.1,10.0,0.0,28.9
63,63,63,20.0,10.0,70.0,0.064,69.69999999999999,597,100,0,303,59.7,10.0,0.0,30.3
64,64,64,20.0,10.0,70.0,0.064,71.39999999999999,618,96,4,282,61.8,9.6,0.4,28.2
65,65,65,20.0,10.0,70.0,0.064,69.8,600,98,2,300,60.0,9.8,0.2,30.0
66,66,66,20.0,10.0,70.0,0.064,67.9,581,98,2,319,58.1,9.8,0.2,31.9
67,67,67,20.0,10.0,70.0,0.064,69.1,591,100,0,309,59.1,10.0,0.0,30.9
68,68,68,20.0,10.0,70.0,0.064,68.5,585,100,0,315,58.5,10.0,0.0,31.5
69,69,69,20.0,10.0,70.0,0.064,68.30000000000001,583,100,0,317,58.3,10.0,0.0,31.7
70,70,70,20.0,10.0,70.0,0.064,70.0,603,97,3,297,60.3,9.7,0.3,29.7
71,71,71,20.0,10.0,70.0,0.064,70.19999999999999,603,99,1,297,60.3,9.9,0.1,29.7
72,72,72,20.0,10.0,70.0,0.064,68.60000000000001,586,100,0,314,58.6,10.0,0.0,31.4
73,73,73,20.0,10.0,70.0,0.064,68.30000000000001,585,98,2,315,58.5,9.8,0.2,31.5
74,74,74,20.0,10.0,70.0,0.064,71.3,613,100,0,287,61.3,10.0,0.0,28.7
75,75,75,20.0,10.0,70.0,0.064,70.1,602,99,1,298,60.2,9.9,0.1,29.8
76,76,76,20.0,10.0,70.0,0.064,67.4,575,99,1,325,57.49999999999999,9.9,0.1,32.5
77,77,77,20.0,10.0,70.0,0.064,69.89999999999999,600,99,1,300,60.0,9.9,0.1,30.0
78,78,78,20.0,10.0,70.0,0.064,68.5,587,98,2,313,58.7,9.8,0.2,31.3
79,79,79,20.0,10.0,70.0,0.064,71.1,613,98,2,287,61.3,9.8,0.2,28.7
80,80,80,20.0,10.0,70.0,0.064,70.8,608,100,0,292,60.8,10.0,0.0,29.2
81,81,81,20.0,10.0,70.0,0.064,70.7,607,100,0,293,60.7,10.0,0.0,29.3
82,82,82,20.0,10.0,70.0,0.064,69.89999999999999,599,100,0,301,59.9,10.0,0.0,30.1
83,83,83,20.0,10.0,70.0,0.064,68.60000000000001,587,99,1,313,58.7,9.9,0.1,31.3
84,84,84,20.0,10.0,70.0,0.064,67.30000000000001,574,99,1,326,57.4,9.9,0.1,32.6
85,85,85,20.0,10.0,70.0,0.064,69.89999999999999,601,98,2,299,60.1,9.8,0.2,29.9
86,86,86,20.0,10.0,70.0,0.064,67.80000000000001,579,99,1,321,57.9,9.9,0.1,32.1
87,87,87,20.0,10.0,70.0,0.064,69.3,594,99,1,306,59.4,9.9,0.1,30.6
88,88,88,20.0,10.0,70.0,0.064,67.4,575,99,1,325,57.49999999999999,9.9,0.1,32.5
89,89,89,20.0,10.0,70.0,0.064,68.30000000000001,584,99,1,316,58.4,9.9,0.1,31.6
90,90,90,20.0,10.0,70.0,0.064,69.5,596,99,1,304,59.6,9.9,0.1,30.4
91,91,91,20.0,10.0,70.0,0.064,67.30000000000001,573,100,0,327,57.3,10.0,0.0,32.7
92,92,92,20.0,10.0,70.0,0.064,67.7,578,99,1,322,57.8,9.9,0.1,32.2
93,93,93,20.0,10.0,70.0,0.064,69.1,591,100,0,309,59.1,10.0,0.0,30.9
94,94,94,20.0,10.0,70.0,0.064,73.3,637,96,4,263,63.7,9.6,0.4,26.3
95,95,95,20.0,10.0,70.0,0.064,68.4,586,98,2,314,58.6,9.8,0.2,31.4
96,96,96,20.0,10.0,70.0,0.064,69.19999999999999,592,100,0,308,59.2,10.0,0.0,30.8
97,97,97,20.0,10.0,70.0,0.064,70.6,607,99,1,293,60.7,9.9,0.1,29.3
98,98,98,20.0,10.0,70.0,0.064,67.5,577,98,2,323,57.7,9.8,0.2,32.300000000000004
99,99,99,20.0,10.0,70.0,0.064,70.39999999999999,606,98,2,294,60.6,9.8,0.2,29.4
0,0,0,25.0,12.5,62.5,0.08,62.5,400,100,0,300,50.0,12.5,0.0,37.5
1,1,1,25.0,12.5,62.5,0.08,66.125,432,97,3,268,54.0,12.125,0.375,33.5
2,2,2,25.0,12.5,62.5,0.08,66.25,430,100,0,270,53.75,12.5,0.0,33.75
3,3,3,25.0,12.5,62.5,0.08,63.0,405,99,1,295,50.625,12.375,0.125,36.875
4,4,4,25.0,12.5,62.5,0.08,63.0,405,99,1,295,50.625,12.375,0.125,36.875
5,5,5,25.0,12.5,62.5,0.08,64.75,418,100,0,282,52.25,12.5,0.0,35.25
6,6,6,25.0,12.5,62.5,0.08,64.875,419,100,0,281,52.37500000000001,12.5,0.0,35.125
7,7,7,25.0,12.5,62.5,0.08,65.5,424,100,0,276,53.0,12.5,0.0,34.5
8,8,8,25.0,12.5,62.5,0.08,62.74999999999999,403,99,1,297,50.375,12.375,0.125,37.125
9,9,9,25.0,12.5,62.5,0.08,64.75,419,99,1,281,52.37500000000001,12.375,0.125,35.125
10,10,10,25.0,12.5,62.5,0.08,65.625,426,99,1,274,53.25,12.375,0.125,34.25
11,11,11,25.0,12.5,62.5,0.08,62.74999999999999,402,100,0,298,50.24999999999999,12.5,0.0,37.25
12,12,12,25.0,12.5,62.5,0.08,64.625,419,98,2,281,52.37500000000001,12.25,0.25,35.125
13,13,13,25.0,12.5,62.5,0.08,65.0,420,100,0,280,52.5,12.5,0.0,35.0
14,14,14,25.0,12.5,62.5,0.08,64.875,421,98,2,279,52.625,12.25,0.25,34.875
15,15,15,25.0,12.5,62.5,0.08,62.125,398,99,1,302,49.75,12.375,0.125,37.75
16,16,16,25.0,12.5,62.5,0.08,64.375,415,100,0,285,51.87500000000001,12.5,0.0,35.625
17,17,17,25.0,12.5,62.5,0.08,65.875,428,99,1,272,53.5,12.375,0.125,34.0
18,18,18,25.0,12.5,62.5,0.08,65.875,429,98,2,271,53.625,12.25,0.25,33.875
19,19,19,25.0,12.5,62.5,0.08,64.375,416,99,1,284,52.0,12.375,0.125,35.5
20,20,20,25.0,12.5,62.5,0.08,61.875,395,100,0,305,49.375,12.5,0.0,38.125
21,21,21,25.0,12.5,62.5,0.08,64.375,417,98,2,283,52.125,12.25,0.25,35.375
22,22,22,25.0,12.5,62.5,0.08,64.875,421,98,2,279,52.625,12.25,0.25,34.875
23,23,23,25.0,12.5,62.5,0.08,63.5,408,100,0,292,51.0,12.5,0.0,36.5
24,24,24,25.0,12.5,62.5,0.08,63.125,405,100,0,295,50.625,12.5,0.0,36.875
25,25,25,25.0,12.5,62.5,0.08,63.375,409,98,2,291,51.125,12.25,0.25,36.375
26,26,26,25.0,12.5,62.5,0.08,63.125,405,100,0,295,50.625,12.5,0.0,36.875
27,27,27,25.0,12.5,62.5,0.08,62.74999999999999,403,99,1,297,50.375,12.375,0.125,37.125
28,28,28,25.0,12.5,62.5,0.08,65.25,424,98,2,276,53.0,12.25,0.25,34.5
29,29,29,25.0,12.5,62.5,0.08,65.75,429,97,3,271,53.625,12.125,0.375,33.875
30,30,30,25.0,12.5,62.5,0.08,65.875,427,100,0,273,53.37499999999999,12.5,0.0,34.125
31,31,31,25.0,12.5,62.5,0.08,64.125,413,100,0,287,51.625,12.5,0.0,35.875
32,32,32,25.0,12.5,62.5,0.08,65.125,426,95,5,274,53.25,11.875,0.625,34.25
33,33,33,25.0,12.5,62.5,0.08,67.0,438,98,2,262,54.75,12.25,0.25,32.75
34,34,34,25.0,12.5,62.5,0.08,66.0,428,100,0,272,53.5,12.5,0.0,34.0
35,35,35,25.0,12.5,62.5,0.08,64.625,418,99,1,282,52.25,12.375,0.125,35.25
36,36,36,25.0,12.5,62.5,0.08,62.375,400,99,1,300,50.0,12.375,0.125,37.5
37,37,37,25.0,12.5,62.5,0.08,63.375,407,100,0,293,50.875,12.5,0.0,36.625
38,38,38,25.0,12.5,62.5,0.08,64.25,414,100,0,286,51.74999999999999,12.5,0.0,35.75
39,39,39,25.0,12.5,62.5,0.08,65.0,421,99,1,279,52.625,12.375,0.125,34.875
40,40,40,25.0,12.5,62.5,0.08,63.5,411,97,3,289,51.37500000000001,12.125,0.375,36.125
41,41,41,25.0,12.5,62.5,0.08,61.875,396,99,1,304,49.5,12.375,0.125,38.0
42,42,42,25.0,12.5,62.5,0.08,66.5,434,98,2,266,54.25,12.25,0.25,33.25
43,43,43,25.0,12.5,62.5,0.08,66.0,429,99,1,271,53.625,12.375,0.125,33.875
44,44,44,25.0,12.5,62.5,0.08,66.625,435,98,2,265,54.37499999999999,12.25,0.25,33.125
45,45,45,25.0,12.5,62.5,0.08,61.875,397,98,2,303,49.625,12.25,0.25,37.875
46,46,46,25.0,12.5,62.5,0.08,62.375,400,99,1,300,50.0,12.375,0.125,37.5
47,47,47,25.0,12.5,62.5,0.08,65.5,425,99,1,275,53.125,12.375,0.125,34.375
48,48,48,25.0,12.5,62.5,0.08,65.25,425,97,3,275,53.125,12.125,0.375,34.375
49,49,49,25.0,12.5,62.5,0.08,61.0,389,99,1,311,48.625,12.375,0.125,38.875
50,50,50,25.0,12.5,62.5,0.08,62.74999999999999,402,100,0,298,50.24999999999999,12.5,0.0,37.25
51,51,51,25.0,12.5,62.5,0.08,63.625,410,99,1,290,51.24999999999999,12.375,0.125,36.25
52,52,52,25.0,12.5,62.5,0.08,62.125,398,99,1,302,49.75,12.375,0.125,37.75
53,53,53,25.0,12.5,62.5,0.08,65.0,420,100,0,280,52.5,12.5,0.0,35.0
54,54,54,25.0,12.5,62.5,0.08,65.5,424,100,0,276,53.0,12.5,0.0,34.5
55,55,55,25.0,12.5,62.5,0.08,64.875,420,99,1,280,52.5,12.375,0.125,35.0
56,56,56,25.0,12.5,62.5,0.08,64.0,412,100,0,288,51.5,12.5,0.0,36.0
57,57,57,25.0,12.5,62.5,0.08,65.75,428,98,2,272,53.5,12.25,0.25,34.0
58,58,58,25.0,12.5,62.5,0.08,66.5,433,99,1,267,54.125,12.375,0.125,33.375
59,59,59,25.0,12.5,62.5,0.08,67.0,437,99,1,263,54.625,12.375,0.125,32.875
60,60,60,25.0,12.5,62.5,0.08,61.75000000000001,394,100,0,306,49.25,12.5,0.0,38.25
61,61,61,25.0,12.5,62.5,0.08,64.375,416,99,1,284,52.0,12.375,0.125,35.5
62,62,62,25.0,12.5,62.5,0.08,60.875,387,100,0,313,48.375,12.5,0.0,39.125
63,63,63,25.0,12.5,62.5,0.08,61.375,392,99,1,308,49.0,12.375,0.125,38.5
64,64,64,25.0,12.5,62.5,0.08,65.5,425,99,1,275,53.125,12.375,0.125,34.375
65,65,65,25.0,12.5,62.5,0.08,63.0,405,99,1,295,50.625,12.375,0.125,36.875
66,66,66,25.0,12.5,62.5,0.08,67.5,444,96,4,256,55.50000000000001,12.0,0.5,32.0
67,67,67,25.0,12.5,62.5,0.08,64.75,419,99,1,281,52.37500000000001,12.375,0.125,35.125
68,68,68,25.0,12.5,62.5,0.08,62.625,401,100,0,299,50.125,12.5,0.0,37.375
69,69,69,25.0,12.5,62.5,0.08,65.375,424,99,1,276,53.0,12.375,0.125,34.5
70,70,70,25.0,12.5,62.5,0.08,64.75,419,99,1,281,52.37500000000001,12.375,0.125,35.125
71,71,71,25.0,12.5,62.5,0.08,61.625,393,100,0,307,49.125,12.5,0.0,38.375
72,72,72,25.0,12.5,62.5,0.08,64.125,414,99,1,286,51.74999999999999,12.375,0.125,35.75
73,73,73,25.0,12.5,62.5,0.08,65.25,422,100,0,278,52.75,12.5,0.0,34.75
74,74,74,25.0,12.5,62.5,0.08,63.5,408,100,0,292,51.0,12.5,0.0,36.5
75,75,75,25.0,12.5,62.5,0.08,65.5,427,97,3,273,53.37499999999999,12.125,0.375,34.125
76,76,76,25.0,12.5,62.5,0.08,63.5,408,100,0,292,51.0,12.5,0.0,36.5
77,77,77,25.0,12.5,62.5,0.08,64.0,413,99,1,287,51.625,12.375,0.125,35.875
78,78,78,25.0,12.5,62.5,0.08,65.25,423,99,1,277,52.87500000000001,12.375,0.125,34.625
79,79,79,25.0,12.5,62.5,0.08,65.0,421,99,1,279,52.625,12.375,0.125,34.875
80,80,80,25.0,12.5,62.5,0.08,65.25,422,100,0,278,52.75,12.5,0.0,34.75
81,81,81,25.0,12.5,62.5,0.08,63.625,411,98,2,289,51.37500000000001,12.25,0.25,36.125
82,82,82,25.0,12.5,62.5,0.08,63.74999999999999,410,100,0,290,51.24999999999999,12.5,0.0,36.25
83,83,83,25.0,12.5,62.5,0.08,63.24999999999999,407,99,1,293,50.875,12.375,0.125,36.625
84,84,84,25.0,12.5,62.5,0.08,65.125,421,100,0,279,52.625,12.5,0.0,34.875
85,85,85,25.0,12.5,62.5,0.08,64.375,415,100,0,285,51.87500000000001,12.5,0.0,35.625
86,86,86,25.0,12.5,62.5,0.08,62.875,407,96,4,293,50.875,12.0,0.5,36.625
87,87,87,25.0,12.5,62.5,0.08,62.625,403,98,2,297,50.375,12.25,0.25,37.125
88,88,88,25.0,12.5,62.5,0.08,62.625,401,100,0,299,50.125,12.5,0.0,37.375
89,89,89,25.0,12.5,62.5,0.08,61.875,396,99,1,304,49.5,12.375,0.125,38.0
90,90,90,25.0,12.5,62.5,0.08,64.625,418,99,1,282,52.25,12.375,0.125,35.25
91,91,91,25.0,12.5,62.5,0.08,59.25,374,100,0,326,46.75,12.5,0.0,40.75
92,92,92,25.0,12.5,62.5,0.08,62.375,400,99,1,300,50.0,12.375,0.125,37.5
93,93,93,25.0,12.5,62.5,0.08,63.375,408,99,1,292,51.0,12.375,0.125,36.5
94,94,94,25.0,12.5,62.5,0.08,63.74999999999999,411,99,1,289,51.37500000000001,12.375,0.125,36.125
95,95,95,25.0,12.5,62.5,0.08,64.875,419,100,0,281,52.37500000000001,12.5,0.0,35.125
96,96,96,25.0,12.5,62.5,0.08,63.0,406,98,2,294,50.74999999999999,12.25,0.25,36.75
97,97,97,25.0,12.5,62.5,0.08,64.5,417,99,1,283,52.125,12.375,0.125,35.375
98,98,98,25.0,12.5,62.5,0.08,64.0,412,100,0,288,51.5,12.5,0.0,36.0
99,99,99,25.0,12.5,62.5,0.08,62.5,401,99,1,299,50.125,12.375,0.125,37.375
0,0,0,40.0,20.0,40.0,0.128,53.8,169,100,0,231,33.800000000000004,20.0,0.0,46.2
1,1,1,40.0,20.0,40.0,0.128,57.99999999999999,190,100,0,210,38.0,20.0,0.0,42.0
2,2,2,40.0,20.0,40.0,0.128,55.00000000000001,175,100,0,225,35.0,20.0,0.0,45.0
3,3,3,40.0,20.0,40.0,0.128,53.6,168,100,0,232,33.6,20.0,0.0,46.400000000000006
4,4,4,40.0,20.0,40.0,0.128,53.2,167,99,1,233,33.4,19.8,0.2,46.6
5,5,5,40.0,20.0,40.0,0.128,53.400000000000006,167,100,0,233,33.4,20.0,0.0,46.6
6,6,6,40.0,20.0,40.0,0.128,55.8,181,98,2,219,36.2,19.6,0.4,43.8
7,7,7,40.0,20.0,40.0,0.128,55.8,180,99,1,220,36.0,19.8,0.2,44.0
8,8,8,40.0,20.0,40.0,0.128,55.400000000000006,177,100,0,223,35.4,20.0,0.0,44.6
9,9,9,40.0,20.0,40.0,0.128,54.400000000000006,175,97,3,225,35.0,19.4,0.6,45.0
10,10,10,40.0,20.0,40.0,0.128,52.8,164,100,0,236,32.800000000000004,20.0,0.0,47.2
11,11,11,40.0,20.0,40.0,0.128,56.00000000000001,180,100,0,220,36.0,20.0,0.0,44.0
12,12,12,40.0,20.0,40.0,0.128,50.4,152,100,0,248,30.4,20.0,0.0,49.6
13,13,13,40.0,20.0,40.0,0.128,55.8,180,99,1,220,36.0,19.8,0.2,44.0
14,14,14,40.0,20.0,40.0,0.128,55.00000000000001,175,100,0,225,35.0,20.0,0.0,45.0
15,15,15,40.0,20.0,40.0,0.128,53.8,169,100,0,231,33.800000000000004,20.0,0.0,46.2
16,16,16,40.0,20.0,40.0,0.128,53.0,166,99,1,234,33.2,19.8,0.2,46.8
17,17,17,40.0,20.0,40.0,0.128,53.6,168,100,0,232,33.6,20.0,0.0,46.400000000000006
18,18,18,40.0,20.0,40.0,0.128,49.8,150,99,1,250,30.0,19.8,0.2,50.0
19,19,19,40.0,20.0,40.0,0.128,58.2,191,100,0,209,38.2,20.0,0.0,41.8
20,20,20,40.0,20.0,40.0,0.128,55.60000000000001,178,100,0,222,35.6,20.0,0.0,44.4
21,21,21,40.0,20.0,40.0,0.128,55.8,181,98,2,219,36.2,19.6,0.4,43.8
22,22,22,40.0,20.0,40.0,0.128,59.2,196,100,0,204,39.2,20.0,0.0,40.8
23,23,23,40.0,20.0,40.0,0.128,54.8,175,99,1,225,35.0,19.8,0.2,45.0
24,24,24,40.0,20.0,40.0,0.128,52.6,163,100,0,237,32.6,20.0,0.0,47.4
25,25,25,40.0,20.0,40.0,0.128,56.2,181,100,0,219,36.2,20.0,0.0,43.8
26,26,26,40.0,20.0,40.0,0.128,52.400000000000006,163,99,1,237,32.6,19.8,0.2,47.4
27,27,27,40.0,20.0,40.0,0.128,55.8,180,99,1,220,36.0,19.8,0.2,44.0
28,28,28,40.0,20.0,40.0,0.128,53.6,168,100,0,232,33.6,20.0,0.0,46.400000000000006
29,29,29,40.0,20.0,40.0,0.128,55.60000000000001,179,99,1,221,35.8,19.8,0.2,44.2
30,30,30,40.0,20.0,40.0,0.128,55.60000000000001,178,100,0,222,35.6,20.0,0.0,44.4
31,31,31,40.0,20.0,40.0,0.128,55.60000000000001,179,99,1,221,35.8,19.8,0.2,44.2
32,32,32,40.0,20.0,40.0,0.128,55.8,179,100,0,221,35.8,20.0,0.0,44.2
33,33,33,40.0,20.0,40.0,0.128,50.2,151,100,0,249,30.2,20.0,0.0,49.8
34,34,34,40.0,20.0,40.0,0.128,55.400000000000006,177,100,0,223,35.4,20.0,0.0,44.6
35,35,35,40.0,20.0,40.0,0.128,49.4,147,100,0,253,29.4,20.0,0.0,50.6
36,36,36,40.0,20.0,40.0,0.128,56.2,183,98,2,217,36.6,19.6,0.4,43.4
37,37,37,40.0,20.0,40.0,0.128,51.2,156,100,0,244,31.2,20.0,0.0,48.8
38,38,38,40.0,20.0,40.0,0.128,50.2,151,100,0,249,30.2,20.0,0.0,49.8
39,39,39,40.0,20.0,40.0,0.128,53.400000000000006,167,100,0,233,33.4,20.0,0.0,46.6
40,40,40,40.0,20.0,40.0,0.128,57.2,188,98,2,212,37.6,19.6,0.4,42.4
41,41,41,40.0,20.0,40.0,0.128,53.8,170,99,1,230,34.0,19.8,0.2,46.0
42,42,42,40.0,20.0,40.0,0.128,54.8,175,99,1,225,35.0,19.8,0.2,45.0
43,43,43,40.0,20.0,40.0,0.128,54.6,173,100,0,227,34.599999999999994,20.0,0.0,45.4
44,44,44,40.0,20.0,40.0,0.128,55.400000000000006,177,100,0,223,35.4,20.0,0.0,44.6
45,45,45,40.0,20.0,40.0,0.128,55.2,176,100,0,224,35.2,20.0,0.0,44.8
46,46,46,40.0,20.0,40.0,0.128,54.2,173,98,2,227,34.599999999999994,19.6,0.4,45.4
47,47,47,40.0,20.0,40.0,0.128,52.2,161,100,0,239,32.2,20.0,0.0,47.8
48,48,48,40.0,20.0,40.0,0.128,53.400000000000006,167,100,0,233,33.4,20.0,0.0,46.6
49,49,49,40.0,20.0,40.0,0.128,55.2,177,99,1,223,35.4,19.8,0.2,44.6
50,50,50,40.0,20.0,40.0,0.128,54.0,170,100,0,230,34.0,20.0,0.0,46.0
51,51,51,40.0,20.0,40.0,0.128,51.4,158,99,1,242,31.6,19.8,0.2,48.4
52,52,52,40.0,20.0,40.0,0.128,53.0,167,98,2,233,33.4,19.6,0.4,46.6
53,53,53,40.0,20.0,40.0,0.128,53.2,166,100,0,234,33.2,20.0,0.0,46.8
54,54,54,40.0,20.0,40.0,0.128,47.0,136,99,1,264,27.200000000000003,19.8,0.2,52.8
55,55,55,40.0,20.0,40.0,0.128,55.00000000000001,176,99,1,224,35.2,19.8,0.2,44.8
56,56,56,40.0,20.0,40.0,0.128,57.2,186,100,0,214,37.2,20.0,0.0,42.8
57,57,57,40.0,20.0,40.0,0.128,56.8,185,99,1,215,37.0,19.8,0.2,43.0
58,58,58,40.0,20.0,40.0,0.128,53.400000000000006,167,100,0,233,33.4,20.0,0.0,46.6
59,59,59,40.0,20.0,40.0,0.128,58.6,193,100,0,207,38.6,20.0,0.0,41.4
60,60,60,40.0,20.0,40.0,0.128,53.0,168,97,3,232,33.6,19.4,0.6,46.400000000000006
61,61,61,40.0,20.0,40.0,0.128,56.00000000000001,181,99,1,219,36.2,19.8,0.2,43.8
62,62,62,40.0,20.0,40.0,0.128,56.00000000000001,180,100,0,220,36.0,20.0,0.0,44.0
63,63,63,40.0,20.0,40.0,0.128,54.400000000000006,172,100,0,228,34.4,20.0,0.0,45.6
64,64,64,40.0,20.0,40.0,0.128,51.4,159,98,2,241,31.8,19.6,0.4,48.2
65,65,65,40.0,20.0,40.0,0.128,53.0,166,99,1,234,33.2,19.8,0.2,46.8
66,66,66,40.0,20.0,40.0,0.128,51.8,160,99,1,240,32.0,19.8,0.2,48.0
67,67,67,40.0,20.0,40.0,0.128,51.4,157,100,0,243,31.4,20.0,0.0,48.6
68,68,68,40.0,20.0,40.0,0.128,55.400000000000006,179,98,2,221,35.8,19.6,0.4,44.2
69,69,69,40.0,20.0,40.0,0.128,54.2,171,100,0,229,34.2,20.0,0.0,45.8
70,70,70,40.0,20.0,40.0,0.128,51.8,160,99,1,240,32.0,19.8,0.2,48.0
71,71,71,40.0,20.0,40.0,0.128,53.400000000000006,167,100,0,233,33.4,20.0,0.0,46.6
72,72,72,40.0,20.0,40.0,0.128,52.400000000000006,164,98,2,236,32.800000000000004,19.6,0.4,47.2
73,73,73,40.0,20.0,40.0,0.128,58.6,194,99,1,206,38.8,19.8,0.2,41.2
74,74,74,40.0,20.0,40.0,0.128,57.6,188,100,0,212,37.6,20.0,0.0,42.4
75,75,75,40.0,20.0,40.0,0.128,53.0,165,100,0,235,33.0,20.0,0.0,47.0
76,76,76,40.0,20.0,40.0,0.128,54.0,170,100,0,230,34.0,20.0,0.0,46.0
77,77,77,40.0,20.0,40.0,0.128,54.0,170,100,0,230,34.0,20.0,0.0,46.0
78,78,78,40.0,20.0,40.0,0.128,52.400000000000006,163,99,1,237,32.6,19.8,0.2,47.4
79,79,79,40.0,20.0,40.0,0.128,51.2,157,99,1,243,31.4,19.8,0.2,48.6
80,80,80,40.0,20.0,40.0,0.128,55.00000000000001,175,100,0,225,35.0,20.0,0.0,45.0
81,81,81,40.0,20.0,40.0,0.128,57.4,188,99,1,212,37.6,19.8,0.2,42.4
82,82,82,40.0,20.0,40.0,0.128,52.2,162,99,1,238,32.4,19.8,0.2,47.6
83,83,83,40.0,20.0,40.0,0.128,55.400000000000006,178,99,1,222,35.6,19.8,0.2,44.4
84,84,84,40.0,20.0,40.0,0.128,55.00000000000001,175,100,0,225,35.0,20.0,0.0,45.0
85,85,85,40.0,20.0,40.0,0.128,57.6,189,99,1,211,37.8,19.8,0.2,42.2
86,86,86,40.0,20.0,40.0,0.128,57.2,189,97,3,211,37.8,19.4,0.6,42.2
87,87,87,40.0,20.0,40.0,0.128,56.2,181,100,0,219,36.2,20.0,0.0,43.8
88,88,88,40.0,20.0,40.0,0.128,53.6,168,100,0,232,33.6,20.0,0.0,46.400000000000006
89,89,89,40.0,20.0,40.0,0.128,49.8,150,99,1,250,30.0,19.8,0.2,50.0
90,90,90,40.0,20.0,40.0,0.128,56.2,182,99,1,218,36.4,19.8,0.2,43.6
91,91,91,40.0,20.0,40.0,0.128,50.6,153,100,0,247,30.6,20.0,0.0,49.4
92,92,92,40.0,20.0,40.0,0.128,56.2,181,100,0,219,36.2,20.0,0.0,43.8
93,93,93,40.0,20.0,40.0,0.128,54.0,170,100,0,230,34.0,20.0,0.0,46.0
94,94,94,40.0,20.0,40.0,0.128,54.6,173,100,0,227,34.599999999999994,20.0,0.0,45.4
95,95,95,40.0,20.0,40.0,0.128,48.2,142,99,1,258,28.4,19.8,0.2,51.6
96,96,96,40.0,20.0,40.0,0.128,52.6,163,100,0,237,32.6,20.0,0.0,47.4
97,97,97,40.0,20.0,40.0,0.128,56.99999999999999,186,99,1,214,37.2,19.8,0.2,42.8
98,98,98,40.0,20.0,40.0,0.128,53.400000000000006,168,99,1,232,33.6,19.8,0.2,46.400000000000006
99,99,99,40.0,20.0,40.0,0.128,54.400000000000006,172,100,0,228,34.4,20.0,0.0,45.6
0,0,0,28.57142857142857,14.285714285714285,57.14285714285714,0.0914285714285714,65.0,357,98,2,243,51.0,14.000000000000002,0.2857142857142857,34.714285714285715
1,1,1,28.57142857142857,14.285714285714285,57.14285714285714,0.0914285714285714,61.42857142857143,330,100,0,270,47.14285714285714,14.285714285714285,0.0,38.57142857142858
2,2,2,28.57142857142857,14.285714285714285,57.14285714285714,0.0914285714285714,62.57142857142857,338,100,0,262,48.285714285714285,14.285714285714285,0.0,37.42857142857143
3,3,3,28.57142857142857,14.285714285714285,57.14285714285714,0.0914285714285714,62.85714285714285,341,99,1,259,48.71428571428572,14.142857142857142,0.1428571428571428,37.0
4,4,4,28.57142857142857,14.285714285714285,57.14285714285714,0.0914285714285714,60.14285714285714,321,100,0,279,45.85714285714285,14.285714285714285,0.0,39.85714285714286
5,5,5,28.57142857142857,14.285714285714285,57.14285714285714,0.0914285714285714,57.71428571428572,306,98,2,294,43.71428571428572,14.000000000000002,0.2857142857142857,42.0
6,6,6,28.57142857142857,14.285714285714285,57.14285714285714,0.0914285714285714,61.57142857142858,333,98,2,267,47.57142857142857,14.000000000000002,0.2857142857142857,38.142857142857146
7,7,7,28.57142857142857,14.285714285714285,57.14285714285714,0.0914285714285714,63.85714285714285,349,98,2,251,49.85714285714285,14.000000000000002,0.2857142857142857,35.85714285714286
8,8,8,28.57142857142857,14.285714285714285,57.14285714285714,0.0914285714285714,59.85714285714285,319,100,0,281,45.57142857142858,14.285714285714285,0.0,40.14285714285714
9,9,9,28.57142857142857,14.285714285714285,57.14285714285714,0.0914285714285714,62.28571428571429,336,100,0,264,48.0,14.285714285714285,0.0,37.71428571428572
10,10,10,28.57142857142857,14.285714285714285,57.14285714285714,0.0914285714285714,59.14285714285714,315,99,1,285,45.0,14.142857142857142,0.1428571428571428,40.71428571428572
11,11,11,28.57142857142857,14.285714285714285,57.14285714285714,0.0914285714285714,59.0,316,97,3,284,45.14285714285714,13.857142857142858,0.4285714285714286,40.57142857142857
12,12,12,28.57142857142857,14.285714285714285,57.14285714285714,0.0914285714285714,61.285714285714285,329,100,0,271,47.0,14.285714285714285,0.0,38.71428571428572
13,13,13,28.57142857142857,14.285714285714285,57.14285714285714,0.0914285714285714,60.42857142857143,324,99,1,276,46.285714285714285,14.142857142857142,0.1428571428571428,39.42857142857143
14,14,14,28.57142857142857,14.285714285714285,57.14285714285714,0.0914285714285714,59.0,313,100,0,287,44.71428571428572,14.285714285714285,0.0,41.0
15,15,15,28.57142857142857,14.285714285714285,57.14285714285714,0.0914285714285714,59.71428571428572,320,98,2,280,45.71428571428572,14.000000000000002,0.2857142857142857,40.0
16,16,16,28.57142857142857,14.285714285714285,57.14285714285714,0.0914285714285714,63.42857142857142,344,100,0,256,49.142857142857146,14.285714285714285,0.0,36.57142857142857
17,17,17,28.57142857142857,14.285714285714285,57.14285714285714,0.0914285714285714,61.42857142857143,333,97,3,267,47.57142857142857,13.857142857142858,0.4285714285714286,38.142857142857146
18,18,18,28.57142857142857,14.285714285714285,57.14285714285714,0.0914285714285714,61.142857142857146,329,99,1,271,47.0,14.142857142857142,0.1428571428571428,38.71428571428572
19,19,19,28.57142857142857,14.285714285714285,57.14285714285714,0.0914285714285714,60.14285714285714,321,100,0,279,45.85714285714285,14.285714285714285,0.0,39.85714285714286
20,20,20,28.57142857142857,14.285714285714285,57.14285714285714,0.0914285714285714,60.42857142857143,324,99,1,276,46.285714285714285,14.142857142857142,0.1428571428571428,39.42857142857143
21,21,21,28.57142857142857,14.285714285714285,57.14285714285714,0.0914285714285714,58.42857142857143,312,97,3,288,44.57142857142857,13.857142857142858,0.4285714285714286,41.14285714285714
22,22,22,28.57142857142857,14.285714285714285,57.14285714285714,0.0914285714285714,60.71428571428571,328,97,3,272,46.85714285714286,13.857142857142858,0.4285714285714286,38.85714285714285
23,23,23,28.57142857142857,14.285714285714285,57.14285714285714,0.0914285714285714,62.57142857142857,339,99,1,261,48.42857142857142,14.142857142857142,0.1428571428571428,37.285714285714285
24,24,24,28.57142857142857,14.285714285714285,57.14285714285714,0.0914285714285714,59.285714285714285,315,100,0,285,45.0,14.285714285714285,0.0,40.71428571428572
25,25,25,28.57142857142857,14.285714285714285,57.14285714285714,0.0914285714285714,64.42857142857143,352,99,1,248,50.28571428571429,14.142857142857142,0.1428571428571428,35.42857142857142
26,26,26,28.57142857142857,14.285714285714285,57.14285714285714,0.0914285714285714,58.85714285714285,313,99,1,287,44.71428571428572,14.142857142857142,0.1428571428571428,41.0
27,27,27,28.57142857142857,14.285714285714285,57.14285714285714,0.0914285714285714,61.85714285714285,335,98,2,265,47.85714285714286,14.000000000000002,0.2857142857142857,37.85714285714285
28,28,28,28.57142857142857,14.285714285714285,57.14285714285714,0.0914285714285714,60.71428571428571,325,100,0,275,46.42857142857143,14.285714285714285,0.0,39.285714285714285
29,29,29,28.57142857142857,14.285714285714285,57.14285714285714,0.0914285714285714,64.71428571428571,353,100,0,247,50.42857142857143,14.285714285714285,0.0,35.285714285714285
30,30,30,28.57142857142857,14.285714285714285,57.14285714285714,0.0914285714285714,58.71428571428572,311,100,0,289,44.42857142857143,14.285714285714285,0.0,41.285714285714285
31,31,31,28.57142857142857,14.285714285714285,57.14285714285714,0.0914285714285714,61.142857142857146,329,99,1,271,47.0,14.142857142857142,0.1428571428571428,38.71428571428572
32,32,32,28.57142857142857,14.285714285714285,57.14285714285714,0.0914285714285714,66.14285714285715,366,97,3,234,52.28571428571429,13.857142857142858,0.4285714285714286,33.42857142857143
33,33,33,28.57142857142857,14.285714285714285,57.14285714285714,0.0914285714285714,61.57142857142858,335,96,4,265,47.85714285714286,13.714285714285715,0.5714285714285714,37.85714285714285
34,34,34,28.57142857142857,14.285714285714285,57.14285714285714,0.0914285714285714,60.285714285714285,325,97,3,275,46.42857142857143,13.857142857142858,0.4285714285714286,39.285714285714285
35,35,35,28.57142857142857,14.285714285714285,57.14285714285714,0.0914285714285714,60.285714285714285,322,100,0,278,46.0,14.285714285714285,0.0,39.71428571428572
36,36,36,28.57142857142857,14.285714285714285,57.14285714285714,0.0914285714285714,57.71428571428572,305,99,1,295,43.57142857142857,14.142857142857142,0.1428571428571428,42.142857142857146
37,37,37,28.57142857142857,14.285714285714285,57.14285714285714,0.0914285714285714,59.85714285714285,319,100,0,281,45.57142857142858,14.285714285714285,0.0,40.14285714285714
38,38,38,28.57142857142857,14.285714285714285,57.14285714285714,0.0914285714285714,62.142857142857146,337,98,2,263,48.142857142857146,14.000000000000002,0.2857142857142857,37.57142857142857
39,39,39,28.57142857142857,14.285714285714285,57.14285714285714,0.0914285714285714,64.28571428571429,350,100,0,250,50.0,14.285714285714285,0.0,35.714285714285715
40,40,40,28.57142857142857,14.285714285714285,57.14285714285714,0.0914285714285714,59.57142857142858,318,99,1,282,45.42857142857143,14.142857142857142,0.1428571428571428,40.285714285714285
41,41,41,28.57142857142857,14.285714285714285,57.14285714285714,0.0914285714285714,64.14285714285714,352,97,3,248,50.28571428571429,13.857142857142858,0.4285714285714286,35.42857142857142
42,42,42,28.57142857142857,14.285714285714285,57.14285714285714,0.0914285714285714,60.57142857142858,326,98,2,274,46.57142857142857,14.000000000000002,0.2857142857142857,39.14285714285714
43,43,43,28.57142857142857,14.285714285714285,57.14285714285714,0.0914285714285714,58.85714285714285,312,100,0,288,44.57142857142857,14.285714285714285,0.0,41.14285714285714
44,44,44,28.57142857142857,14.285714285714285,57.14285714285714,0.0914285714285714,61.142857142857146,329,99,1,271,47.0,14.142857142857142,0.1428571428571428,38.71428571428572
45,45,45,28.57142857142857,14.285714285714285,57.14285714285714,0.0914285714285714,62.57142857142857,339,99,1,261,48.42857142857142,14.142857142857142,0.1428571428571428,37.285714285714285
46,46,46,28.57142857142857,14.285714285714285,57.14285714285714,0.0914285714285714,62.28571428571429,337,99,1,263,48.142857142857146,14.142857142857142,0.1428571428571428,37.57142857142857
47,47,47,28.57142857142857,14.285714285714285,57.14285714285714,0.0914285714285714,62.71428571428571,342,97,3,258,48.85714285714285,13.857142857142858,0.4285714285714286,36.85714285714285
48,48,48,28.57142857142857,14.285714285714285,57.14285714285714,0.0914285714285714,61.142857142857146,330,98,2,270,47.14285714285714,14.000000000000002,0.2857142857142857,38.57142857142858
49,49,49,28.57142857142857,14.285714285714285,57.14285714285714,0.0914285714285714,63.0,343,98,2,257,49.0,14.000000000000002,0.2857142857142857,36.71428571428572
50,50,50,28.57142857142857,14.285714285714285,57.14285714285714,0.0914285714285714,59.71428571428572,318,100,0,282,45.42857142857143,14.285714285714285,0.0,40.285714285714285
51,51,51,28.57142857142857,14.285714285714285,57.14285714285714,0.0914285714285714,62.71428571428571,339,100,0,261,48.42857142857142,14.285714285714285,0.0,37.285714285714285
52,52,52,28.57142857142857,14.285714285714285,57.14285714285714,0.0914285714285714,60.0,320,100,0,280,45.71428571428572,14.285714285714285,0.0,40.0
53,53,53,28.57142857142857,14.285714285714285,57.14285714285714,0.0914285714285714,57.99999999999999,306,100,0,294,43.71428571428572,14.285714285714285,0.0,42.0
54,54,54,28.57142857142857,14.285714285714285,57.14285714285714,0.0914285714285714,61.285714285714285,330,99,1,270,47.14285714285714,14.142857142857142,0.1428571428571428,38.57142857142858
55,55,55,28.57142857142857,14.285714285714285,57.14285714285714,0.0914285714285714,61.57142857142858,333,98,2,267,47.57142857142857,14.000000000000002,0.2857142857142857,38.142857142857146
56,56,56,28.57142857142857,14.285714285714285,57.14285714285714,0.0914285714285714,58.85714285714285,314,98,2,286,44.85714285714285,14.000000000000002,0.2857142857142857,40.85714285714286
57,57,57,28.57142857142857,14.285714285714285,57.14285714285714,0.0914285714285714,64.0,348,100,0,252,49.71428571428572,14.285714285714285,0.0,36.0
58,58,58,28.57142857142857,14.285714285714285,57.14285714285714,0.0914285714285714,62.0,334,100,0,266,47.71428571428572,14.285714285714285,0.0,38.0
59,59,59,28.57142857142857,14.285714285714285,57.14285714285714,0.0914285714285714,58.285714285714285,308,100,0,292,44.0,14.285714285714285,0.0,41.71428571428572
60,60,60,28.57142857142857,14.285714285714285,57.14285714285714,0.0914285714285714,65.14285714285715,356,100,0,244,50.85714285714285,14.285714285714285,0.0,34.85714285714286
61,61,61,28.57142857142857,14.285714285714285,57.14285714285714,0.0914285714285714,60.14285714285714,324,97,3,276,46.285714285714285,13.857142857142858,0.4285714285714286,39.42857142857143
62,62,62,28.57142857142857,14.285714285714285,57.14285714285714,0.0914285714285714,61.57142857142858,332,99,1,268,47.42857142857143,14.142857142857142,0.1428571428571428,38.285714285714285
63,63,63,28.57142857142857,14.285714285714285,57.14285714285714,0.0914285714285714,60.85714285714285,327,99,1,273,46.71428571428572,14.142857142857142,0.1428571428571428,39.0
64,64,64,28.57142857142857,14.285714285714285,57.14285714285714,0.0914285714285714,64.42857142857143,353,98,2,247,50.42857142857143,14.000000000000002,0.2857142857142857,35.285714285714285
65,65,65,28.57142857142857,14.285714285714285,57.14285714285714,0.0914285714285714,59.285714285714285,315,100,0,285,45.0,14.285714285714285,0.0,40.71428571428572
66,66,66,28.57142857142857,14.285714285714285,57.14285714285714,0.0914285714285714,61.71428571428571,334,98,2,266,47.71428571428572,14.000000000000002,0.2857142857142857,38.0
67,67,67,28.57142857142857,14.285714285714285,57.14285714285714,0.0914285714285714,62.42857142857143,342,95,5,258,48.85714285714285,13.571428571428571,0.7142857142857143,36.85714285714285
68,68,68,28.57142857142857,14.285714285714285,57.14285714285714,0.0914285714285714,58.71428571428572,311,100,0,289,44.42857142857143,14.285714285714285,0.0,41.285714285714285
69,69,69,28.57142857142857,14.285714285714285,57.14285714285714,0.0914285714285714,63.57142857142857,347,98,2,253,49.57142857142857,14.000000000000002,0.2857142857142857,36.142857142857146
70,70,70,28.57142857142857,14.285714285714285,57.14285714285714,0.0914285714285714,59.285714285714285,315,100,0,285,45.0,14.285714285714285,0.0,40.71428571428572
71,71,71,28.57142857142857,14.285714285714285,57.14285714285714,0.0914285714285714,59.57142857142858,317,100,0,283,45.285714285714285,14.285714285714285,0.0,40.42857142857143
72,72,72,28.57142857142857,14.285714285714285,57.14285714285714,0.0914285714285714,60.71428571428571,327,98,2,273,46.71428571428572,14.000000000000002,0.2857142857142857,39.0
73,73,73,28.57142857142857,14.285714285714285,57.14285714285714,0.0914285714285714,62.142857142857146,335,100,0,265,47.85714285714286,14.285714285714285,0.0,37.85714285714285
74,74,74,28.57142857142857,14.285714285714285,57.14285714285714,0.0914285714285714,60.0,320,100,0,280,45.71428571428572,14.285714285714285,0.0,40.0
75,75,75,28.57142857142857,14.285714285714285,57.14285714285714,0.0914285714285714,61.285714285714285,329,100,0,271,47.0,14.285714285714285,0.0,38.71428571428572
76,76,76,28.57142857142857,14.285714285714285,57.14285714285714,0.0914285714285714,60.14285714285714,321,100,0,279,45.85714285714285,14.285714285714285,0.0,39.85714285714286
77,77,77,28.57142857142857,14.285714285714285,57.14285714285714,0.0914285714285714,61.285714285714285,329,100,0,271,47.0,14.285714285714285,0.0,38.71428571428572
78,78,78,28.57142857142857,14.285714285714285,57.14285714285714,0.0914285714285714,63.28571428571429,345,98,2,255,49.28571428571429,14.000000000000002,0.2857142857142857,36.42857142857142
79,79,79,28.57142857142857,14.285714285714285,57.14285714285714,0.0914285714285714,61.85714285714285,336,97,3,264,48.0,13.857142857142858,0.4285714285714286,37.71428571428572
80,80,80,28.57142857142857,14.285714285714285,57.14285714285714,0.0914285714285714,57.71428571428572,305,99,1,295,43.57142857142857,14.142857142857142,0.1428571428571428,42.142857142857146
81,81,81,28.57142857142857,14.285714285714285,57.14285714285714,0.0914285714285714,63.28571428571429,344,99,1,256,49.142857142857146,14.142857142857142,0.1428571428571428,36.57142857142857
82,82,82,28.57142857142857,14.285714285714285,57.14285714285714,0.0914285714285714,61.57142857142858,334,97,3,266,47.71428571428572,13.857142857142858,0.4285714285714286,38.0
83,83,83,28.57142857142857,14.285714285714285,57.14285714285714,0.0914285714285714,61.42857142857143,330,100,0,270,47.14285714285714,14.285714285714285,0.0,38.57142857142858
84,84,84,28.57142857142857,14.285714285714285,57.14285714285714,0.0914285714285714,62.85714285714285,340,100,0,260,48.57142857142857,14.285714285714285,0.0,37.142857142857146
85,85,85,28.57142857142857,14.285714285714285,57.14285714285714,0.0914285714285714,62.0,334,100,0,266,47.71428571428572,14.285714285714285,0.0,38.0
86,86,86,28.57142857142857,14.285714285714285,57.14285714285714,0.0914285714285714,59.57142857142858,318,99,1,282,45.42857142857143,14.142857142857142,0.1428571428571428,40.285714285714285
87,87,87,28.57142857142857,14.285714285714285,57.14285714285714,0.0914285714285714,62.57142857142857,339,99,1,261,48.42857142857142,14.142857142857142,0.1428571428571428,37.285714285714285
88,88,88,28.57142857142857,14.285714285714285,57.14285714285714,0.0914285714285714,60.71428571428571,325,100,0,275,46.42857142857143,14.285714285714285,0.0,39.285714285714285
89,89,89,28.57142857142857,14.285714285714285,57.14285714285714,0.0914285714285714,59.285714285714285,316,99,1,284,45.14285714285714,14.142857142857142,0.1428571428571428,40.57142857142857
90,90,90,28.57142857142857,14.285714285714285,57.14285714285714,0.0914285714285714,59.71428571428572,319,99,1,281,45.57142857142858,14.142857142857142,0.1428571428571428,40.14285714285714
91,91,91,28.57142857142857,14.285714285714285,57.14285714285714,0.0914285714285714,57.57142857142858,304,99,1,296,43.42857142857143,14.142857142857142,0.1428571428571428,42.285714285714285
92,92,92,28.57142857142857,14.285714285714285,57.14285714285714,0.0914285714285714,63.57142857142857,345,100,0,255,49.28571428571429,14.285714285714285,0.0,36.42857142857142
93,93,93,28.57142857142857,14.285714285714285,57.14285714285714,0.0914285714285714,60.285714285714285,323,99,1,277,46.14285714285714,14.142857142857142,0.1428571428571428,39.57142857142858
94,94,94,28.57142857142857,14.285714285714285,57.14285714285714,0.0914285714285714,61.0,328,99,1,272,46.85714285714286,14.142857142857142,0.1428571428571428,38.85714285714285
95,95,95,28.57142857142857,14.285714285714285,57.14285714285714,0.0914285714285714,58.42857142857143,310,99,1,290,44.285714285714285,14.142857142857142,0.1428571428571428,41.42857142857143
96,96,96,28.57142857142857,14.285714285714285,57.14285714285714,0.0914285714285714,62.142857142857146,339,96,4,261,48.42857142857142,13.714285714285715,0.5714285714285714,37.285714285714285
97,97,97,28.57142857142857,14.285714285714285,57.14285714285714,0.0914285714285714,60.71428571428571,327,98,2,273,46.71428571428572,14.000000000000002,0.2857142857142857,39.0
98,98,98,28.57142857142857,14.285714285714285,57.14285714285714,0.0914285714285714,63.85714285714285,348,99,1,252,49.71428571428572,14.142857142857142,0.1428571428571428,36.0
99,99,99,28.57142857142857,14.285714285714285,57.14285714285714,0.0914285714285714,62.28571428571429,337,99,1,263,48.142857142857146,14.142857142857142,0.1428571428571428,37.57142857142857
0,0,0,22.22222222222222,11.11111111111111,66.66666666666666,0.0711111111111111,67.77777777777779,510,100,0,290,56.66666666666666,11.11111111111111,0.0,32.22222222222222
1,1,1,22.22222222222222,11.11111111111111,66.66666666666666,0.0711111111111111,67.33333333333333,508,98,2,292,56.44444444444444,10.888888888888888,0.2222222222222222,32.44444444444444
2,2,2,22.22222222222222,11.11111111111111,66.66666666666666,0.0711111111111111,66.88888888888889,503,99,1,297,55.888888888888886,11.0,0.1111111111111111,33.0
3,3,3,22.22222222222222,11.11111111111111,66.66666666666666,0.0711111111111111,64.66666666666666,484,98,2,316,53.77777777777778,10.888888888888888,0.2222222222222222,35.11111111111111
4,4,4,22.22222222222222,11.11111111111111,66.66666666666666,0.0711111111111111,68.44444444444444,517,99,1,283,57.44444444444444,11.0,0.1111111111111111,31.444444444444446
5,5,5,22.22222222222222,11.11111111111111,66.66666666666666,0.0711111111111111,66.55555555555556,499,100,0,301,55.44444444444444,11.11111111111111,0.0,33.44444444444444
6,6,6,22.22222222222222,11.11111111111111,66.66666666666666,0.0711111111111111,66.44444444444444,498,100,0,302,55.333333333333336,11.11111111111111,0.0,33.55555555555556
7,7,7,22.22222222222222,11.11111111111111,66.66666666666666,0.0711111111111111,67.88888888888889,511,100,0,289,56.777777777777786,11.11111111111111,0.0,32.111111111111114
8,8,8,22.22222222222222,11.11111111111111,66.66666666666666,0.0711111111111111,67.88888888888889,513,98,2,287,56.99999999999999,10.888888888888888,0.2222222222222222,31.88888888888889
9,9,9,22.22222222222222,11.11111111111111,66.66666666666666,0.0711111111111111,66.88888888888889,504,98,2,296,56.00000000000001,10.888888888888888,0.2222222222222222,32.88888888888889
10,10,10,22.22222222222222,11.11111111111111,66.66666666666666,0.0711111111111111,65.22222222222223,487,100,0,313,54.11111111111111,11.11111111111111,0.0,34.77777777777778
11,11,11,22.22222222222222,11.11111111111111,66.66666666666666,0.0711111111111111,68.33333333333333,516,99,1,284,57.333333333333336,11.0,0.1111111111111111,31.555555555555557
12,12,12,22.22222222222222,11.11111111111111,66.66666666666666,0.0711111111111111,68.22222222222221,515,99,1,285,57.22222222222222,11.0,0.1111111111111111,31.666666666666664
13,13,13,22.22222222222222,11.11111111111111,66.66666666666666,0.0711111111111111,65.44444444444444,489,100,0,311,54.333333333333336,11.11111111111111,0.0,34.55555555555556
14,14,14,22.22222222222222,11.11111111111111,66.66666666666666,0.0711111111111111,67.55555555555556,511,97,3,289,56.777777777777786,10.77777777777778,0.3333333333333333,32.111111111111114
15,15,15,22.22222222222222,11.11111111111111,66.66666666666666,0.0711111111111111,69.22222222222221,523,100,0,277,58.11111111111112,11.11111111111111,0.0,30.77777777777777
16,16,16,22.22222222222222,11.11111111111111,66.66666666666666,0.0711111111111111,68.44444444444444,516,100,0,284,57.333333333333336,11.11111111111111,0.0,31.555555555555557
17,17,17,22.22222222222222,11.11111111111111,66.66666666666666,0.0711111111111111,65.33333333333333,489,99,1,311,54.333333333333336,11.0,0.1111111111111111,34.55555555555556
18,18,18,22.22222222222222,11.11111111111111,66.66666666666666,0.0711111111111111,69.66666666666667,529,98,2,271,58.77777777777777,10.888888888888888,0.2222222222222222,30.11111111111111
19,19,19,22.22222222222222,11.11111111111111,66.66666666666666,0.0711111111111111,67.33333333333333,507,99,1,293,56.333333333333336,11.0,0.1111111111111111,32.55555555555556
20,20,20,22.22222222222222,11.11111111111111,66.66666666666666,0.0711111111111111,67.55555555555556,510,98,2,290,56.66666666666666,10.888888888888888,0.2222222222222222,32.22222222222222
21,21,21,22.22222222222222,11.11111111111111,66.66666666666666,0.0711111111111111,66.66666666666666,502,98,2,298,55.77777777777778,10.888888888888888,0.2222222222222222,33.111111111111114
22,22,22,22.22222222222222,11.11111111111111,66.66666666666666,0.0711111111111111,66.66666666666666,502,98,2,298,55.77777777777778,10.888888888888888,0.2222222222222222,33.111111111111114
23,23,23,22.22222222222222,11.11111111111111,66.66666666666666,0.0711111111111111,65.88888888888889,494,99,1,306,54.888888888888886,11.0,0.1111111111111111,34.0
24,24,24,22.22222222222222,11.11111111111111,66.66666666666666,0.0711111111111111,68.88888888888889,520,100,0,280,57.77777777777777,11.11111111111111,0.0,31.11111111111111
25,25,25,22.22222222222222,11.11111111111111,66.66666666666666,0.0711111111111111,66.11111111111111,495,100,0,305,55.00000000000001,11.11111111111111,0.0,33.88888888888889
26,26,26,22.22222222222222,11.11111111111111,66.66666666666666,0.0711111111111111,68.11111111111111,514,99,1,286,57.11111111111112,11.0,0.1111111111111111,31.77777777777778
27,27,27,22.22222222222222,11.11111111111111,66.66666666666666,0.0711111111111111,68.22222222222221,514,100,0,286,57.11111111111112,11.11111111111111,0.0,31.77777777777778
28,28,28,22.22222222222222,11.11111111111111,66.66666666666666,0.0711111111111111,70.22222222222221,534,98,2,266,59.333333333333336,10.888888888888888,0.2222222222222222,29.55555555555556
29,29,29,22.22222222222222,11.11111111111111,66.66666666666666,0.0711111111111111,67.88888888888889,514,97,3,286,57.11111111111112,10.77777777777778,0.3333333333333333,31.77777777777778
30,30,30,22.22222222222222,11.11111111111111,66.66666666666666,0.0711111111111111,66.0,494,100,0,306,54.888888888888886,11.11111111111111,0.0,34.0
31,31,31,22.22222222222222,11.11111111111111,66.66666666666666,0.0711111111111111,66.11111111111111,495,100,0,305,55.00000000000001,11.11111111111111,0.0,33.88888888888889
32,32,32,22.22222222222222,11.11111111111111,66.66666666666666,0.0711111111111111,65.66666666666666,493,98,2,307,54.77777777777778,10.888888888888888,0.2222222222222222,34.11111111111111
33,33,33,22.22222222222222,11.11111111111111,66.66666666666666,0.0711111111111111,64.77777777777777,484,99,1,316,53.77777777777778,11.0,0.1111111111111111,35.11111111111111
34,34,34,22.22222222222222,11.11111111111111,66.66666666666666,0.0711111111111111,64.88888888888889,484,100,0,316,53.77777777777778,11.11111111111111,0.0,35.11111111111111
35,35,35,22.22222222222222,11.11111111111111,66.66666666666666,0.0711111111111111,65.77777777777779,492,100,0,308,54.66666666666666,11.11111111111111,0.0,34.22222222222222
36,36,36,22.22222222222222,11.11111111111111,66.66666666666666,0.0711111111111111,68.55555555555556,517,100,0,283,57.44444444444444,11.11111111111111,0.0,31.444444444444446
37,37,37,22.22222222222222,11.11111111111111,66.66666666666666,0.0711111111111111,64.44444444444444,481,99,1,319,53.44444444444445,11.0,0.1111111111111111,35.44444444444444
38,38,38,22.22222222222222,11.11111111111111,66.66666666666666,0.0711111111111111,68.66666666666667,519,99,1,281,57.66666666666666,11.0,0.1111111111111111,31.222222222222225
39,39,39,22.22222222222222,11.11111111111111,66.66666666666666,0.0711111111111111,66.44444444444444,499,99,1,301,55.44444444444444,11.0,0.1111111111111111,33.44444444444444
40,40,40,22.22222222222222,11.11111111111111,66.66666666666666,0.0711111111111111,68.22222222222221,514,100,0,286,57.11111111111112,11.11111111111111,0.0,31.77777777777778
41,41,41,22.22222222222222,11.11111111111111,66.66666666666666,0.0711111111111111,68.11111111111111,513,100,0,287,56.99999999999999,11.11111111111111,0.0,31.88888888888889
42,42,42,22.22222222222222,11.11111111111111,66.66666666666666,0.0711111111111111,67.88888888888889,512,99,1,288,56.888888888888886,11.0,0.1111111111111111,32.0
43,43,43,22.22222222222222,11.11111111111111,66.66666666666666,0.0711111111111111,64.88888888888889,484,100,0,316,53.77777777777778,11.11111111111111,0.0,35.11111111111111
44,44,44,22.22222222222222,11.11111111111111,66.66666666666666,0.0711111111111111,68.22222222222221,515,99,1,285,57.22222222222222,11.0,0.1111111111111111,31.666666666666664
45,45,45,22.22222222222222,11.11111111111111,66.66666666666666,0.0711111111111111,65.55555555555556,492,98,2,308,54.66666666666666,10.888888888888888,0.2222222222222222,34.22222222222222
46,46,46,22.22222222222222,11.11111111111111,66.66666666666666,0.0711111111111111,68.33333333333333,516,99,1,284,57.333333333333336,11.0,0.1111111111111111,31.555555555555557
47,47,47,22.22222222222222,11.11111111111111,66.66666666666666,0.0711111111111111,68.11111111111111,514,99,1,286,57.11111111111112,11.0,0.1111111111111111,31.77777777777778
48,48,48,22.22222222222222,11.11111111111111,66.66666666666666,0.0711111111111111,69.66666666666667,528,99,1,272,58.66666666666666,11.0,0.1111111111111111,30.22222222222222
49,49,49,22.22222222222222,11.11111111111111,66.66666666666666,0.0711111111111111,65.0,486,99,1,314,54.0,11.0,0.1111111111111111,34.88888888888889
50,50,50,22.22222222222222,11.11111111111111,66.66666666666666,0.0711111111111111,63.55555555555556,473,99,1,327,52.55555555555556,11.0,0.1111111111111111,36.333333333333336
51,51,51,22.22222222222222,11.11111111111111,66.66666666666666,0.0711111111111111,66.66666666666666,500,100,0,300,55.55555555555556,11.11111111111111,0.0,33.33333333333333
52,52,52,22.22222222222222,11.11111111111111,66.66666666666666,0.0711111111111111,66.44444444444444,503,95,5,297,55.888888888888886,10.555555555555555,0.5555555555555556,33.0
53,53,53,22.22222222222222,11.11111111111111,66.66666666666666,0.0711111111111111,66.33333333333333,497,100,0,303,55.22222222222221,11.11111111111111,0.0,33.666666666666664
54,54,54,22.22222222222222,11.11111111111111,66.66666666666666,0.0711111111111111,66.55555555555556,499,100,0,301,55.44444444444444,11.11111111111111,0.0,33.44444444444444
55,55,55,22.22222222222222,11.11111111111111,66.66666666666666,0.0711111111111111,66.55555555555556,500,99,1,300,55.55555555555556,11.0,0.1111111111111111,33.33333333333333
56,56,56,22.22222222222222,11.11111111111111,66.66666666666666,0.0711111111111111,66.77777777777779,501,100,0,299,55.66666666666666,11.11111111111111,0.0,33.22222222222222
57,57,57,22.22222222222222,11.11111111111111,66.66666666666666,0.0711111111111111,68.33333333333333,516,99,1,284,57.333333333333336,11.0,0.1111111111111111,31.555555555555557
58,58,58,22.22222222222222,11.11111111111111,66.66666666666666,0.0711111111111111,66.66666666666666,502,98,2,298,55.77777777777778,10.888888888888888,0.2222222222222222,33.111111111111114
59,59,59,22.22222222222222,11.11111111111111,66.66666666666666,0.0711111111111111,67.77777777777779,511,99,1,289,56.777777777777786,11.0,0.1111111111111111,32.111111111111114
60,60,60,22.22222222222222,11.11111111111111,66.66666666666666,0.0711111111111111,67.44444444444444,508,99,1,292,56.44444444444444,11.0,0.1111111111111111,32.44444444444444
61,61,61,22.22222222222222,11.11111111111111,66.66666666666666,0.0711111111111111,67.0,504,99,1,296,56.00000000000001,11.0,0.1111111111111111,32.88888888888889
62,62,62,22.22222222222222,11.11111111111111,66.66666666666666,0.0711111111111111,68.22222222222221,517,97,3,283,57.44444444444444,10.77777777777778,0.3333333333333333,31.444444444444446
63,63,63,22.22222222222222,11.11111111111111,66.66666666666666,0.0711111111111111,68.0,512,100,0,288,56.888888888888886,11.11111111111111,0.0,32.0
64,64,64,22.22222222222222,11.11111111111111,66.66666666666666,0.0711111111111111,65.88888888888889,494,99,1,306,54.888888888888886,11.0,0.1111111111111111,34.0
65,65,65,22.22222222222222,11.11111111111111,66.66666666666666,0.0711111111111111,67.55555555555556,510,98,2,290,56.66666666666666,10.888888888888888,0.2222222222222222,32.22222222222222
66,66,66,22.22222222222222,11.11111111111111,66.66666666666666,0.0711111111111111,68.55555555555556,517,100,0,283,57.44444444444444,11.11111111111111,0.0,31.444444444444446
67,67,67,22.22222222222222,11.11111111111111,66.66666666666666,0.0711111111111111,67.66666666666666,511,98,2,289,56.777777777777786,10.888888888888888,0.2222222222222222,32.111111111111114
68,68,68,22.22222222222222,11.11111111111111,66.66666666666666,0.0711111111111111,66.55555555555556,500,99,1,300,55.55555555555556,11.0,0.1111111111111111,33.33333333333333
69,69,69,22.22222222222222,11.11111111111111,66.66666666666666,0.0711111111111111,68.33333333333333,515,100,0,285,57.22222222222222,11.11111111111111,0.0,31.666666666666664
70,70,70,22.22222222222222,11.11111111111111,66.66666666666666,0.0711111111111111,66.77777777777779,502,99,1,298,55.77777777777778,11.0,0.1111111111111111,33.111111111111114
71,71,71,22.22222222222222,11.11111111111111,66.66666666666666,0.0711111111111111,68.33333333333333,515,100,0,285,57.22222222222222,11.11111111111111,0.0,31.666666666666664
72,72,72,22.22222222222222,11.11111111111111,66.66666666666666,0.0711111111111111,67.55555555555556,508,100,0,292,56.44444444444444,11.11111111111111,0.0,32.44444444444444
73,73,73,22.22222222222222,11.11111111111111,66.66666666666666,0.0711111111111111,64.66666666666666,485,97,3,315,53.888888888888886,10.77777777777778,0.3333333333333333,35.0
74,74,74,22.22222222222222,11.11111111111111,66.66666666666666,0.0711111111111111,67.44444444444444,508,99,1,292,56.44444444444444,11.0,0.1111111111111111,32.44444444444444
75,75,75,22.22222222222222,11.11111111111111,66.66666666666666,0.0711111111111111,64.0,476,100,0,324,52.888888888888886,11.11111111111111,0.0,36.0
76,76,76,22.22222222222222,11.11111111111111,66.66666666666666,0.0711111111111111,71.44444444444444,544,99,1,256,60.44444444444444,11.0,0.1111111111111111,28.444444444444443
77,77,77,22.22222222222222,11.11111111111111,66.66666666666666,0.0711111111111111,67.77777777777779,511,99,1,289,56.777777777777786,11.0,0.1111111111111111,32.111111111111114
78,78,78,22.22222222222222,11.11111111111111,66.66666666666666,0.0711111111111111,64.33333333333333,479,100,0,321,53.22222222222223,11.11111111111111,0.0,35.66666666666667
79,79,79,22.22222222222222,11.11111111111111,66.66666666666666,0.0711111111111111,67.33333333333333,507,99,1,293,56.333333333333336,11.0,0.1111111111111111,32.55555555555556
80,80,80,22.22222222222222,11.11111111111111,66.66666666666666,0.0711111111111111,68.44444444444444,519,97,3,281,57.66666666666666,10.77777777777778,0.3333333333333333,31.222222222222225
81,81,81,22.22222222222222,11.11111111111111,66.66666666666666,0.0711111111111111,66.77777777777779,502,99,1,298,55.77777777777778,11.0,0.1111111111111111,33.111111111111114
82,82,82,22.22222222222222,11.11111111111111,66.66666666666666,0.0711111111111111,66.33333333333333,498,99,1,302,55.333333333333336,11.0,0.1111111111111111,33.55555555555556
83,83,83,22.22222222222222,11.11111111111111,66.66666666666666,0.0711111111111111,65.66666666666666,491,100,0,309,54.55555555555556,11.11111111111111,0.0,34.333333333333336
84,84,84,22.22222222222222,11.11111111111111,66.66666666666666,0.0711111111111111,67.0,505,98,2,295,56.11111111111112,10.888888888888888,0.2222222222222222,32.77777777777778
85,85,85,22.22222222222222,11.11111111111111,66.66666666666666,0.0711111111111111,69.44444444444444,525,100,0,275,58.333333333333336,11.11111111111111,0.0,30.55555555555556
86,86,86,22.22222222222222,11.11111111111111,66.66666666666666,0.0711111111111111,65.66666666666666,492,99,1,308,54.66666666666666,11.0,0.1111111111111111,34.22222222222222
87,87,87,22.22222222222222,11.11111111111111,66.66666666666666,0.0711111111111111,67.44444444444444,508,99,1,292,56.44444444444444,11.0,0.1111111111111111,32.44444444444444
88,88,88,22.22222222222222,11.11111111111111,66.66666666666666,0.0711111111111111,69.22222222222221,526,97,3,274,58.44444444444444,10.77777777777778,0.3333333333333333,30.444444444444446
89,89,89,22.22222222222222,11.11111111111111,66.66666666666666,0.0711111111111111,65.66666666666666,491,100,0,309,54.55555555555556,11.11111111111111,0.0,34.333333333333336
90,90,90,22.22222222222222,11.11111111111111,66.66666666666666,0.0711111111111111,68.22222222222221,515,99,1,285,57.22222222222222,11.0,0.1111111111111111,31.666666666666664
91,91,91,22.22222222222222,11.11111111111111,66.66666666666666,0.0711111111111111,68.55555555555556,518,99,1,282,57.55555555555556,11.0,0.1111111111111111,31.333333333333336
92,92,92,22.22222222222222,11.11111111111111,66.66666666666666,0.0711111111111111,68.77777777777779,520,99,1,280,57.77777777777777,11.0,0.1111111111111111,31.11111111111111
93,93,93,22.22222222222222,11.11111111111111,66.66666666666666,0.0711111111111111,67.33333333333333,506,100,0,294,56.22222222222221,11.11111111111111,0.0,32.666666666666664
94,94,94,22.22222222222222,11.11111111111111,66.66666666666666,0.0711111111111111,65.22222222222223,488,99,1,312,54.22222222222223,11.0,0.1111111111111111,34.66666666666667
95,95,95,22.22222222222222,11.11111111111111,66.66666666666666,0.0711111111111111,68.11111111111111,514,99,1,286,57.11111111111112,11.0,0.1111111111111111,31.77777777777778
96,96,96,22.22222222222222,11.11111111111111,66.66666666666666,0.0711111111111111,66.88888888888889,503,99,1,297,55.888888888888886,11.0,0.1111111111111111,33.0
97,97,97,22.22222222222222,11.11111111111111,66.66666666666666,0.0711111111111111,70.88888888888889,540,98,2,260,60.0,10.888888888888888,0.2222222222222222,28.88888888888889
98,98,98,22.22222222222222,11.11111111111111,66.66666666666666,0.0711111111111111,67.11111111111111,505,99,1,295,56.11111111111112,11.0,0.1111111111111111,32.77777777777778
99,99,99,22.22222222222222,11.11111111111111,66.66666666666666,0.0711111111111111,68.22222222222221,514,100,0,286,57.11111111111112,11.11111111111111,0.0,31.77777777777778
